{
  "totalCollateral": 1268.217364,
  "totalResultDiff": 45.4344206513103,
  "pnlArray": [
    2.115200100835528, 30.698170385140873, 22.54368171527393,
    -15.40161230249671, 33.77169995838375, -9.24176819951142,
    -9.348140162020218, -9.702810844295422
  ],
  "collateralArray": [
    33.004, 36.004, 36.004, 38.602699, 994.599731, 34.00016, 43.001387,
    53.001387
  ],
  "blockNumber": "71845616",
  "latestPrices": [0, 59341.39, 7, 111.6159, 22, 147.701, 109, 0.5384211],
  "newCollateralArray": [
    35.11920010083553, 66.70217038514087, 58.547681715273924,
    23.201086697503293, 1028.3714309583838, 24.75839180048858,
    33.65324683797978, 43.29857615570458
  ],
  "totalnewCollateral": 1313.6517846513104
}
